PartitionKey;RowKey;fecha_publicacion;fecha_publicacion@type;fuentes;fuentes@type;id_video;id_video@type;nombre_canal;nombre_canal@type;resumen;resumen@type;titulos;titulos@type
2024-06-13;OyFjPpm87T4-unmSnP44yPk-_KD855_mh7E-ewaYY2Xx3Ak;2024-06-12. 2024-06-13;String;https://www.youtube.com/watch?v=OyFjPpm87T4. https://www.youtube.com/watch?v=unmSnP44yPk. https://www.youtube.com/watch?v=_KD855_mh7E. https://www.youtube.com/watch?v=ewaYY2Xx3Ak;String;OyFjPpm87T4. unmSnP44yPk. _KD855_mh7E. ewaYY2Xx3Ak;String;Bolsas hoy. Bitcoin hoy;String;"Introducción:
En este informe final se analizan tres temas diferentes: el discurso de la Reserva Federal de Estados Unidos (Fed) y su impacto en los mercados financieros, el análisis técnico de Bitcoin y su comportamiento en el mercado, y la situación de las bolsas y el mercado de acciones. Cada tema ofrece una perspectiva única sobre el trading y el análisis de mercado.

Resumen del tema 1 - Discurso de la Fed:
- La Fed mantuvo los tipos de interés sin cambios, lo cual era esperado por el mercado.
- El nuevo mapa de puntos de la Fed muestra solo una bajada de tasas para este año, en lugar de las tres que se habían mencionado anteriormente.
- Se observaron divisiones entre los miembros de la Fed en cuanto a la cantidad de bajadas de tasas que se realizarán en el futuro.
- El mercado reaccionó positivamente a la noticia de que la inflación había bajado una décima.
- Apple contribuyó al alza de las bolsas, alcanzando nuevos máximos históricos.
- El Nasdaq y el S&P 500 registraron fuertes subidas, mientras que el IBEX rebotó en su objetivo de mediano plazo.
- El dólar cayó fuertemente, pero está luchando por mantenerse en la zona del máximo de la primera fase.
- El euro se fortaleció frente al dólar, alcanzando el nivel de 1.0796.

Conclusión del tema 1:
El discurso de la Fed y el mapa de puntos para la bajada de tasas tuvieron un impacto positivo en los mercados financieros, especialmente en las bolsas y en el precio de las acciones de Apple. Sin embargo, se observan divisiones entre los miembros de la Fed en cuanto a la cantidad de bajadas de tasas que se realizarán en el futuro. El sentimiento del mercado y la reacción de los inversores en los próximos días serán clave para determinar la dirección de los mercados.

Resumen del tema 2 - Análisis técnico de Bitcoin:
- Bitcoin no logró romper el máximo del 10 de junio, lo que indica la posibilidad de máximos decrecientes en la acción del precio.
- El precio de Bitcoin se encuentra en un lateral de precios desde principios de año, sin alcanzar los objetivos de mediano y largo plazo.
- Se observa una trampa alcista intradiaria en la acción del precio, lo que sugiere una posible toma de beneficios por parte de las manos fuertes.
- El análisis en intervalos de 4 horas muestra una distribución de ventas y máximos decrecientes, lo que indica un escenario de caída hacia los 63,333.
- Se destaca la importancia de vigilar la apertura de Wall Street y la aparición de catalizadores que puedan cambiar la situación actual.

Conclusión del tema 2:
El análisis técnico de Bitcoin muestra indicios de máximos decrecientes y una posible toma de beneficios por parte de las manos fuertes. Se sugiere vigilar los niveles de precios y la acción del precio para determinar posibles movimientos futuros. La apertura de Wall Street y la aparición de catalizadores pueden influir en la dirección del precio.

Resumen del tema 3 - Situación de las bolsas y el mercado de acciones:
- Los mercados están reaccionando a los datos económicos, como el Índice de Precios al Productor (IPP) y las solicitudes de desempleo semanales.
- Aunque los mercados han experimentado cierta caída, no ha sido significativa y se espera que se mantengan estables en general.
- El sentimiento del mercado se encuentra en una zona neutral, lo que indica que no hay euforia ni miedo extremo.
- Se mencionan los objetivos de subida para los índices Nasdaq y S&P 500.
- Se destaca la importancia de esperar una corrección antes de realizar nuevas inversiones.
- Se mencionan algunas acciones específicas, como Google, Apple y ServiceNow, y se ofrecen perspectivas sobre su desempeño y oportunidades de inversión.
- Se proporciona información sobre las recomendaciones de analistas y las expectativas de crecimiento de ServiceNow.
- Se menciona la rotación de la cartera y la incorporación de nuevas acciones.

Conclusión del tema 3:
El informe destaca la importancia de seguir de cerca los datos económicos y";String;" qué dijo la fed y el mapa de puntos para bajada de tasas y actualización de bolsas. qué hará bitcoin hoy  13/06/24 08:00 análisis técnico btc esteban pérez. evaluamos si bolsas seguirán a objetivos y comprar acciones como ""now"". no se invalidad el escenario correctivo , zonas a vigilar en bitcoin hoy";String
2024-06-16;Fq_gW_b7O9I;2024-06-16;String;https://www.youtube.com/watch?v=Fq_gW_b7O9I;String;Fq_gW_b7O9I;String;Bolsas hoy;String;"Introducción:
El texto destaca la importancia de la educación financiera y cómo el método del 85% puede ser un primer paso hacia ella. Se menciona que en muchos países no se enseña esta educación en las escuelas y que es responsabilidad de cada individuo educarse financieramente. Además, se resalta la importancia del ahorro como base para la inversión.

Puntos importantes:
- El ahorro es fundamental para la educación financiera y se debe destinar dinero específicamente para ello, evitando utilizar fondos destinados a otros gastos.
- Se introduce el concepto de fondo de emergencia, el cual proporciona tranquilidad financiera al estar reservado para imprevistos.
- Los ahorros protegen contra imprevistos y permiten dormir más tranquilos al tener una base financiera sólida.
- Establecer un sistema de ahorro automático promueve la disciplina y consistencia en el ahorro.
- Es importante evaluar los ingresos mensuales netos y destinar un porcentaje de ellos al ahorro, como se propone en el método del 85%.
- El método del 85% proporciona una estructura financiera clara y equilibra el disfrute y el ahorro, siendo ajustable según las necesidades individuales.

Conclusión:
El texto resalta la importancia del ahorro y la educación financiera. Se destaca que el método del 85% puede ser un primer paso hacia la educación financiera al proporcionar una estructura clara para el ahorro. Se anima a los lectores a aplicar este método y ajustarlo según sus necesidades individuales.";String;método del 85%: tu primer paso hacia la educación financiera;String
2024-06-17;BCiu_4iKjOo-SdNN6F7h5yU;2024-06-17. 2024-06-16;String;https://www.youtube.com/watch?v=BCiu_4iKjOo. https://www.youtube.com/watch?v=SdNN6F7h5yU;String;BCiu_4iKjOo. SdNN6F7h5yU;String;Bolsas hoy. Bitcoin hoy;String;"El informe final se centra en el análisis de mercado y trading, proporcionando información sobre la situación de las bolsas, los cambios en el canal y la importancia de las inversiones desde el punto de vista de un inversor. También se mencionan los aspectos fundamentales de las compañías y los datos macroeconómicos relevantes para la semana.

Puntos importantes:
- Se analiza la situación de las bolsas con la apertura de los futuros y se especula sobre los posibles movimientos.
- Se mencionan los cambios que habrá en el canal, incluyendo aspectos de educación financiera e inversora.
- Se destacan los aspectos fundamentales de las compañías y la importancia de analizar la situación financiera antes de invertir.
- Se mencionan los datos macroeconómicos relevantes para la semana, como las ventas minoristas y la construcción de viviendas en Estados Unidos.
- Se analiza la volatilidad del S&P 500 y se sugiere que tanto este índice como el NASDAQ podrían buscar nuevos objetivos de mediano plazo.
- Se mencionan algunas compañías tecnológicas, como Apple, Microsoft, Alphabet y Tesla, y se analiza su situación desde el punto de vista técnico y fundamental.
- Se mencionan otros activos, como el oro, el crudo y el índice del dólar, y se ofrecen perspectivas sobre su evolución.
- Se menciona la evolución de una cartera modelo, con ganancias y pérdidas actualizadas.

Conclusión:
El informe ofrece una visión general de la situación del mercado y proporciona información relevante para los inversores y traders. Destaca la importancia de analizar tanto los aspectos fundamentales como técnicos de las compañías y ofrece perspectivas sobre la evolución de diferentes activos. Además, se mencionan los cambios en el canal y se ofrece una cartera modelo como ejemplo.

El análisis técnico realizado por Esteban Pérez muestra que el precio de Bitcoin ha sido rechazado en el nivel de 6662, lo que indica una presión bajista en el mercado. Sin embargo, la tendencia de fondo de Bitcoin sigue siendo alcista y se espera que el precio encuentre soporte en los niveles de 6338. En Ethereum, se han completado dos objetivos de caída y existe la posibilidad de un tercer objetivo por debajo del nivel de 3194. Los niveles clave de resistencia en ambos activos son importantes para determinar la dirección futura del precio.";String;vix y otras cosas a tener en cuenta esta semana. qué hará bitcoin hoy  17/06/24 09:00 análisis técnico btc esteban pérez;String
2024-06-17;Fq_gW_b7O9I;2024-06-16;String;https://www.youtube.com/watch?v=Fq_gW_b7O9I;String;Fq_gW_b7O9I;String;Bolsas hoy;String;"Introducción:
El informe final aborda la importancia de la educación financiera y cómo el método del 85% puede ser un primer paso hacia ella. Se destaca la falta de enseñanza de educación financiera en muchos países y se enfatiza la responsabilidad individual de educarse financieramente. Además, se resalta la importancia del ahorro y cómo este puede ser utilizado para invertir y hacer trading.

Puntos importantes:
- El ahorro se presenta como la base de la educación financiera, destacando que el dinero destinado a invertir debe provenir de los ahorros y no de otros gastos.
- Se menciona la importancia de contar con un fondo de emergencia para cubrir imprevistos, resaltando que muchas personas carecen de este fondo y esto puede generar problemas financieros.
- Se diferencia la tranquilidad financiera de la independencia financiera, destacando que la primera es más deseable. Se enfatiza cómo tener ahorros puede brindar tranquilidad financiera.
- Se destaca la importancia de establecer un sistema de ahorro automático, donde se destina una cantidad fija de dinero cada mes para ahorrar e invertir. Se resalta que esto ayuda a mantener la disciplina y consistencia en los ahorros.
- Se introduce el método del 85%, que consiste en destinar el 15% de los ingresos mensuales netos al ahorro e inversión. Se destaca que este método proporciona una estructura financiera clara y equilibra el disfrute y el ahorro.

Conclusión:
En conclusión, el informe final resalta la importancia de la educación financiera y cómo el método del 85% puede ser un primer paso hacia ella. Se enfatiza la importancia del ahorro, el fondo de emergencia y el sistema de ahorro automático. Se concluye que tener una estructura financiera clara y equilibrar el disfrute y el ahorro puede brindar tranquilidad financiera.";String;método del 85%: tu primer paso hacia la educación financiera;String
2024-06-18;SCBlRS_fJEY;2024-06-17;String;https://www.youtube.com/watch?v=SCBlRS_fJEY;String;SCBlRS_fJEY;String;Bitcoin hoy;String;"El informe final se centra en el análisis del mercado de Bitcoin y la acción del precio en el contexto de la liquidez y los niveles calculados. Se destaca la importancia de comprender la acción del precio y los niveles calculados en lugar de depender de indicadores desconocidos. 

- La aparición repentina de liquidez en el precio de Bitcoin ha llevado a un rebote en una zona donde aparentemente no había nada. Esto indica la importancia de estar atentos a los cambios en la liquidez para tomar decisiones informadas en el trading.

- El análisis de la acción del precio y los niveles calculados muestra que Bitcoin ha roto la barrera de los 66,624 y ha cerrado por debajo de los niveles intradiarios anteriores. Esto indica un cambio en la presión bajista y ofrece oportunidades para operar en consecuencia.

- Es importante conocer y utilizar los niveles calculados para poder negociar de manera efectiva en diferentes time frames. Estos niveles proporcionan puntos de referencia clave para identificar oportunidades de entrada y salida en el mercado.

- Bitcoin se encuentra actualmente en una fase de distribución y lleva varios días sin salir de una zona específica. Esto indica la importancia de ser paciente y esperar a que se produzcan movimientos significativos antes de tomar decisiones de trading.

- Además de Bitcoin, se destaca la oportunidad de negociar en otros mercados, como el S&P 500, que ha alcanzado nuevos máximos históricos. Es importante comprender la acción del precio y los objetivos en estos mercados para aprovechar al máximo las oportunidades de trading.

En conclusión, el informe resalta la importancia de comprender la acción del precio y los niveles calculados en el trading y el análisis del mercado. Se destaca la aparición de liquidez en el precio de Bitcoin y se menciona la oportunidad de negociar en otros mercados mientras Bitcoin se encuentra en una fase de distribución. Se enfatiza la importancia de adquirir conocimientos sobre la acción del precio y los niveles calculados para tomar decisiones informadas en el trading.";String;apareció liquidez en el precio exacto marcado para bitcoin hoy;String
2024-06-18;SCBlRS_fJEY-dm_OPr3PiqI;2024-06-17;String;https://www.youtube.com/watch?v=SCBlRS_fJEY. https://www.youtube.com/watch?v=dm_OPr3PiqI;String;SCBlRS_fJEY. dm_OPr3PiqI;String;Bitcoin hoy. USACRYPTONOTICIAS;String;"Introducción:
El informe final elaborado a partir de los textos proporcionados abarca varios temas relacionados con el trading y el análisis de mercado. Se destacan la importancia de la acción del precio, los niveles calculados y las estrategias efectivas en el trading de criptomonedas. También se menciona la necesidad de tener control emocional, seguir las señales del mercado y acumular ganancias de manera parcial. Además, se resalta la importancia de estar informado sobre las noticias y eventos que pueden afectar el mercado.

Puntos más importantes:
- Se observa la aparición de liquidez en un nivel específico del precio de Bitcoin, lo cual indica un movimiento significativo.
- Se destaca la importancia de la acción del precio y los niveles calculados en el análisis del mercado de Bitcoin.
- Se menciona la estrategia de las 4b y la posibilidad de un rebote alcista en el gráfico de 4 horas.
- Se enfatiza la importancia de tener una estrategia clara en el trading y no depender de la intuición.
- Se menciona la importancia de utilizar diferentes marcos de tiempo y herramientas de análisis técnico para tomar decisiones informadas.
- Se resalta la importancia de tener control emocional y seguir estrategias establecidas en el trading.
- Se destaca la importancia de buscar oportunidades de inversión con buena capitalización de mercado y estar atentos a las fluctuaciones del mercado.
- Se menciona la importancia de tener una estrategia efectiva en el trading y cómo esta ha sido exitosa para algunos individuos mencionados en los textos.
- Se enfatiza la importancia de aprender y entender los diferentes aspectos del trading y análisis de mercado.

Conclusión:
El informe final destaca la importancia de la acción del precio, los niveles calculados y las estrategias efectivas en el trading de criptomonedas. También resalta la importancia de tener control emocional, seguir las señales del mercado y acumular ganancias de manera parcial. Además, se destaca la importancia de estar informado sobre las noticias y eventos que pueden afectar el mercado. En resumen, el informe ofrece una visión general de los temas discutidos en los textos proporcionados, resaltando la importancia de la disciplina, el conocimiento y la estrategia en el trading y análisis de mercado.";String;apareció liquidez en el precio exacto marcado para bitcoin hoy. bitcoin: precio objetivo del rebote | btc | cryptos | etf | eth | xrp;String
2024-06-18;SCBlRS_fJEY-dm_OPr3PiqI-7CYlK2-pkuU-dtQp2hDHvBs;2024-06-17;String;https://www.youtube.com/watch?v=SCBlRS_fJEY. https://www.youtube.com/watch?v=dm_OPr3PiqI. https://www.youtube.com/watch?v=7CYlK2-pkuU. https://www.youtube.com/watch?v=dtQp2hDHvBs;String;SCBlRS_fJEY. dm_OPr3PiqI. 7CYlK2-pkuU. dtQp2hDHvBs;String;Bitcoin hoy. USACRYPTONOTICIAS. Esteban Pérez Trader - Bolsas hoy;String;"Introducción:
El informe final aborda varios temas relacionados con el trading y el análisis de mercado, incluyendo el análisis del mercado de Bitcoin, estrategias de trading, análisis de mercados financieros y análisis técnico de Bitcoin. A través de los diferentes textos proporcionados, se destacan la importancia de comprender la acción del precio y los niveles calculados, la necesidad de tener una estrategia clara en el trading, la influencia de los datos macroeconómicos en los mercados financieros y la importancia de analizar diferentes marcos de tiempo en el análisis técnico.

Puntos importantes:
- Apareció liquidez en el precio de Bitcoin, revelando la importancia de comprender la acción del precio y los niveles calculados.
- Se destaca la importancia de acumular ganancias en el mercado de criptomonedas y seguir una estrategia clara en el trading.
- Se menciona la influencia del índice de la Fed y las ventas minoristas en los mercados financieros.
- Se resalta la importancia de los datos macroeconómicos y se mencionan los movimientos en los mercados de dólar, oro y petróleo.
- Se destaca la importancia de analizar diferentes marcos de tiempo en el análisis técnico de Bitcoin.

Conclusión:
El informe final destaca la importancia de comprender la acción del precio y los niveles calculados en el trading y análisis del mercado. También se enfatiza la necesidad de tener una estrategia clara en el trading y seguir los datos macroeconómicos en los mercados financieros. Además, se resalta la importancia de analizar diferentes marcos de tiempo en el análisis técnico. En general, el informe proporciona una visión general de los temas discutidos y destaca los puntos más relevantes de cada tema.";String;apareció liquidez en el precio exacto marcado para bitcoin hoy. bitcoin: precio objetivo del rebote | btc | cryptos | etf | eth | xrp. ayer indice fed impulsó dolar y hoy cuidado a ventas minoristas. qué hará bitcoin hoy  18/06/24 08:20 análisis técnico btc esteban pérez;String
